{
    "loss": 0.8270981907844543,
    "accuracy": 0.8920863270759583
}