{
    "loss": 1.0193843841552734,
    "accuracy": 0.9568345546722412
}